ccode,country,year,income,minLong,maxLong,minLat,maxLat,port
AL,Albania,1949,,,,,,no
AL,Albania,1950,160135,,,,,no
AL,Albania,1951,168187,,,,,no
AL,Albania,1952,168596.3,,,,,no
AL,Albania,1953,176291,,,,,no
AL,Albania,1954,182531.9,,,,,no
AL,Albania,1955,193524.6,,,,,no
AL,Albania,1956,195994,,,,,no
AL,Albania,1957,209560.8,,,,,no
AL,Albania,1958,219506.1,,,,,no
AL,Albania,1959,229512.8,,,,,no
AL,Albania,1960,242615.6,,,,,no
AL,Albania,1961,245330.3,,,,,no
AL,Albania,1962,254273.2,,,,,no
AL,Albania,1963,263617.4,,,,,no
AL,Albania,1964,273314.3,,,,,no
AL,Albania,1965,283653.1,,,,,no
AL,Albania,1966,294891.4,,,,,no
AL,Albania,1967,306590.7,,,,,no
AL,Albania,1968,318521,,,,,no
AL,Albania,1969,331117.1,,,,,no
AL,Albania,1970,344092.9,,,,,no
AL,Albania,1971,348184.3,,,,,no
AL,Albania,1972,352746,,,,,no
AL,Albania,1973,357423.1,,,,,no
AL,Albania,1974,361615.2,,,,,no
AL,Albania,1975,365658.7,,,,,no
AL,Albania,1976,369931.3,,,,,no
AL,Albania,1977,372818.3,,,,,no
AL,Albania,1978,377285,,,,,no
AL,Albania,1979,380410.7,,,,,no
AL,Albania,1980,381511.5,,,,,no
AL,Albania,1981,392491.5,,,,,no
AL,Albania,1982,392029.9,,,,,no
AL,Albania,1983,381095.6,,,,,no
AL,Albania,1984,361729.8,,,,,no
AL,Albania,1985,355840.7,,,,,no
AL,Albania,1986,364107,,,,,no
AL,Albania,1987,348372.6,,,,,no
AL,Albania,1988,334000.9,,,,,no
AL,Albania,1989,360419.6,,,,,no
AL,Albania,1990,314926.8,,,,,no
AL,Albania,1991,214836.9,,,,,no
AL,Albania,1992,199641.5,,,,,no
AL,Albania,1993,238433.3,,,,,no
AL,Albania,1994,260663.2,,,,,no
AL,Albania,1995,305778.9,,,,,no
AL,Albania,1996,334128.5,,,,,no
AL,Albania,1997,287163.7,,,,,no
AL,Albania,1998,312663,,,,,no
AL,Albania,1999,348871.1,,,,,no
AL,Albania,2000,372074.9,,,,,no
AL,Albania,2001,403156.2,,,,,no
AL,Albania,2002,412778.7,,,,,no
AL,Albania,2003,432745.8,,,,,no
AL,Albania,2004,450275.7,,,,,no
AL,Albania,2005,470938.2,,,,,no
AL,Albania,2006,498406.4,,,,,no
AL,Albania,2007,523547,,,,,no
AL,Albania,2008,546734,,,,,no
AL,Albania,2009,548423.2,,,,,no
AL,Albania,2010,570690.5,,,,,no
AL,Albania,2011,586341.8,,,,,no
AL,Albania,2012,582346.4,,,,,no
AL,Albania,2013,597603.5,,,,,no
AL,Albania,2014,594960.9,,,,,no
AL,Albania,2015,602754.4,,,,,no
AL,Albania,2016,622973,,,,,no
AL,Albania,2017,631962.7,,,,,no
AL,Albania,2018,650506.1,,,,,no
AL,Albania,2019,667631.3,,,,,no
DZ,Algeria,1949,,,,,,no
DZ,Algeria,1950,324156.5,,,,,no
DZ,Algeria,1951,322524.8,,,,,no
DZ,Algeria,1952,334338.7,,,,,no
DZ,Algeria,1953,337381,,,,,no
DZ,Algeria,1954,351945.3,,,,,no
DZ,Algeria,1955,355059.2,,,,,no
DZ,Algeria,1956,384214.1,,,,,no
DZ,Algeria,1957,419669.3,,,,,no
DZ,Algeria,1958,423786.5,,,,,no
DZ,Algeria,1959,494783.1,,,,,no
DZ,Algeria,1960,519785.5,,,,,no
DZ,Algeria,1961,435633.4,,,,,no
DZ,Algeria,1962,337203.9,,,,,no
DZ,Algeria,1963,456871.3,,,,,no
DZ,Algeria,1964,476431.3,,,,,no
DZ,Algeria,1965,497662.6,,,,,no
DZ,Algeria,1966,462052,,,,,no
DZ,Algeria,1967,497158.4,,,,,no
DZ,Algeria,1968,540289.2,,,,,no
DZ,Algeria,1969,572318.2,,,,,no
DZ,Algeria,1970,588037.3,,,,,no
DZ,Algeria,1971,528877.8,,,,,no
DZ,Algeria,1972,656871.8,,,,,no
DZ,Algeria,1973,653967.6,,,,,no
DZ,Algeria,1974,695653.3,,,,,no
DZ,Algeria,1975,696537.7,,,,,no
DZ,Algeria,1976,724870.1,,,,,no
DZ,Algeria,1977,703669.3,,,,,no
DZ,Algeria,1978,759627.6,,,,,no
DZ,Algeria,1979,783461.7,,,,,no
DZ,Algeria,1980,768370.4,,,,,no
DZ,Algeria,1981,768807.8,,,,,no
DZ,Algeria,1982,782722.3,,,,,no
DZ,Algeria,1983,797780.6,,,,,no
DZ,Algeria,1984,820690.4,,,,,no
DZ,Algeria,1985,816767.6,,,,,no
DZ,Algeria,1986,782183.7,,,,,no
DZ,Algeria,1987,749665.2,,,,,no
DZ,Algeria,1988,712344.2,,,,,no
DZ,Algeria,1989,737945.3,,,,,no
DZ,Algeria,1990,721999.9,,,,,no
DZ,Algeria,1991,681132.6,,,,,no
DZ,Algeria,1992,690984.2,,,,,no
DZ,Algeria,1993,638794.8,,,,,no
DZ,Algeria,1994,609572.8,,,,,no
DZ,Algeria,1995,618775.2,,,,,no
DZ,Algeria,1996,617705.1,,,,,no
DZ,Algeria,1997,608307.8,,,,,no
DZ,Algeria,1998,611046.4,,,,,no
DZ,Algeria,1999,605911.6,,,,,no
DZ,Algeria,2000,619032.6,,,,,no
DZ,Algeria,2001,612194.1,,,,,no
DZ,Algeria,2002,626404.7,,,,,no
DZ,Algeria,2003,630683.9,,,,,no
DZ,Algeria,2004,633014.4,,,,,no
DZ,Algeria,2005,663540.1,,,,,no
DZ,Algeria,2006,664775.1,,,,,no
DZ,Algeria,2007,683643.5,,,,,no
DZ,Algeria,2008,689021.4,,,,,no
DZ,Algeria,2009,669169.4,,,,,no
DZ,Algeria,2010,688164.5,,,,,no
DZ,Algeria,2011,688634.4,,,,,no
DZ,Algeria,2012,689414,,,,,no
DZ,Algeria,2013,683856.6,,,,,no
DZ,Algeria,2014,684581,,,,,no
DZ,Algeria,2015,683881.2,,,,,no
DZ,Algeria,2016,706916.6,,,,,no
DZ,Algeria,2017,695248.6,,,,,no
DZ,Algeria,2018,671985.9,,,,,no
DZ,Algeria,2019,654504.7,,,,,no
AT,Austria,1949,,,,,,no
AT,Austria,1950,7929.5,,,,,no
AT,Austria,1951,8466.2,,,,,no
AT,Austria,1952,8373.3,,,,,no
AT,Austria,1953,8685.1,,,,,no
AT,Austria,1954,9596.3,,,,,no
AT,Austria,1955,10765.4,,,,,no
AT,Austria,1956,11491.7,,,,,no
AT,Austria,1957,12207.1,,,,,no
AT,Austria,1958,12577,,,,,no
AT,Austria,1959,12887.1,,,,,no
AT,Austria,1960,13988.8,,,,,no
AT,Austria,1961,14718.8,,,,,no
AT,Austria,1962,14972.6,,,,,no
AT,Austria,1963,15420.8,,,,,no
AT,Austria,1964,16283.7,,,,,no
AT,Austria,1965,16707,,,,,no
AT,Austria,1966,17574.8,,,,,no
AT,Austria,1967,17964,,,,,no
AT,Austria,1968,18716.2,,,,,no
AT,Austria,1969,19928.4,,,,,no
AT,Austria,1970,21262.3,,,,,no
AT,Austria,1971,22264.5,,,,,no
AT,Austria,1972,23565.2,,,,,no
AT,Austria,1973,24693.5,,,,,no
AT,Austria,1974,25583.8,,,,,no
AT,Austria,1975,25282.8,,,,,no
AT,Austria,1976,26420.4,,,,,no
AT,Austria,1977,27526.3,,,,,no
AT,Austria,1978,27226.9,,,,,no
AT,Austria,1979,28621.5,,,,,no
AT,Austria,1980,28798.7,,,,,no
AT,Austria,1981,28379.6,,,,,no
AT,Austria,1982,28753.9,,,,,no
AT,Austria,1983,29515,,,,,no
AT,Austria,1984,29252.8,,,,,no
AT,Austria,1985,29783.1,,,,,no
AT,Austria,1986,30129.1,,,,,no
AT,Austria,1987,30215.4,,,,,no
AT,Austria,1988,31063,,,,,no
AT,Austria,1989,31981,,,,,no
AT,Austria,1990,33091.4,,,,,no
AT,Austria,1991,33701.8,,,,,no
AT,Austria,1992,34132.8,,,,,no
AT,Austria,1993,33978.6,,,,,no
AT,Austria,1994,34584.5,,,,,no
AT,Austria,1995,35352.3,,,,,no
AT,Austria,1996,36110,,,,,no
AT,Austria,1997,36523.2,,,,,no
AT,Austria,1998,37655.9,,,,,no
AT,Austria,1999,38449.8,,,,,no
AT,Austria,2000,39765.5,,,,,no
AT,Austria,2001,39808.2,,,,,no
AT,Austria,2002,40457.5,,,,,no
AT,Austria,2003,40563.1,,,,,no
AT,Austria,2004,41471.3,,,,,no
AT,Austria,2005,42168.5,,,,,no
AT,Austria,2006,43590.7,,,,,no
AT,Austria,2007,44922.7,,,,,no
AT,Austria,2008,45554.6,,,,,no
AT,Austria,2009,42653,,,,,no
AT,Austria,2010,43586.8,,,,,no
AT,Austria,2011,44309.5,,,,,no
AT,Austria,2012,43935.9,,,,,no
AT,Austria,2013,43468.4,,,,,no
AT,Austria,2014,43218.5,,,,,no
AT,Austria,2015,42670,,,,,no
AT,Austria,2016,43631.2,,,,,no
AT,Austria,2017,43846.8,,,,,no
AT,Austria,2018,44867.1,,,,,no
AT,Austria,2019,45264.4,,,,,no
BE,Belgium,1949,,,,,,no
BE,Belgium,1950,10540.1,,,,,no
BE,Belgium,1951,11130.6,,,,,no
BE,Belgium,1952,10883.4,,,,,no
BE,Belgium,1953,11153,,,,,no
BE,Belgium,1954,11567.7,,,,,no
BE,Belgium,1955,12099.6,,,,,no
BE,Belgium,1956,12370.2,,,,,no
BE,Belgium,1957,12534.9,,,,,no
BE,Belgium,1958,12422.2,,,,,no
BE,Belgium,1959,12776.2,,,,,no
BE,Belgium,1960,13876.2,,,,,no
BE,Belgium,1961,14558.4,,,,,no
BE,Belgium,1962,15304.5,,,,,no
BE,Belgium,1963,15921.9,,,,,no
BE,Belgium,1964,17016.7,,,,,no
BE,Belgium,1965,17639,,,,,no
BE,Belgium,1966,18130.1,,,,,no
BE,Belgium,1967,18747.7,,,,,no
BE,Belgium,1968,19429.3,,,,,no
BE,Belgium,1969,20600.5,,,,,no
BE,Belgium,1970,21683.1,,,,,no
BE,Belgium,1971,22474.1,,,,,no
BE,Belgium,1972,23584.1,,,,,no
BE,Belgium,1973,25098.9,,,,,no
BE,Belgium,1974,26026.8,,,,,no
BE,Belgium,1975,25385.2,,,,,no
BE,Belgium,1976,26831.1,,,,,no
BE,Belgium,1977,26565.9,,,,,no
BE,Belgium,1978,27084.5,,,,,no
BE,Belgium,1979,27360.2,,,,,no
BE,Belgium,1980,27725.4,,,,,no
BE,Belgium,1981,27227.7,,,,,no
BE,Belgium,1982,27065.6,,,,,no
BE,Belgium,1983,26936.4,,,,,no
BE,Belgium,1984,27604,,,,,no
BE,Belgium,1985,28003.1,,,,,no
BE,Belgium,1986,28528.3,,,,,no
BE,Belgium,1987,29203.2,,,,,no
BE,Belgium,1988,30565.9,,,,,no
BE,Belgium,1989,31432.4,,,,,no
BE,Belgium,1990,32265.1,,,,,no
BE,Belgium,1991,32735.3,,,,,no
BE,Belgium,1992,32969.7,,,,,no
BE,Belgium,1993,32776.2,,,,,no
BE,Belgium,1994,34019.2,,,,,no
BE,Belgium,1995,34532.8,,,,,no
BE,Belgium,1996,34732.6,,,,,no
BE,Belgium,1997,36097.5,,,,,no
BE,Belgium,1998,36700.8,,,,,no
BE,Belgium,1999,37765.1,,,,,no
BE,Belgium,2000,39086.6,,,,,no
BE,Belgium,2001,38914.7,,,,,no
BE,Belgium,2002,39207.6,,,,,no
BE,Belgium,2003,39143.2,,,,,no
BE,Belgium,2004,40075.4,,,,,no
BE,Belgium,2005,40657.1,,,,,no
BE,Belgium,2006,41330.8,,,,,no
BE,Belgium,2007,42413.3,,,,,no
BE,Belgium,2008,42224.3,,,,,no
BE,Belgium,2009,40336.5,,,,,no
BE,Belgium,2010,41152.8,,,,,no
BE,Belgium,2011,40750.6,,,,,no
BE,Belgium,2012,41684.1,,,,,no
BE,Belgium,2013,41754.9,,,,,no
BE,Belgium,2014,42061.3,,,,,no
BE,Belgium,2015,42409.2,,,,,no
BE,Belgium,2016,42449.7,,,,,no
BE,Belgium,2017,43168.3,,,,,no
BE,Belgium,2018,43203.2,,,,,no
BE,Belgium,2019,43329.4,,,,,no
BG,Bulgaria,1949,,,,,,no
BG,Bulgaria,1950,1549.1,,,,,no
BG,Bulgaria,1951,1861.4,,,,,no
BG,Bulgaria,1952,1730.7,,,,,no
BG,Bulgaria,1953,1904.7,,,,,no
BG,Bulgaria,1954,1831.6,,,,,no
BG,Bulgaria,1955,1942.2,,,,,no
BG,Bulgaria,1956,1906.7,,,,,no
BG,Bulgaria,1957,2091.4,,,,,no
BG,Bulgaria,1958,2250,,,,,no
BG,Bulgaria,1959,2400.7,,,,,no
BG,Bulgaria,1960,2599,,,,,no
BG,Bulgaria,1961,2731.8,,,,,no
BG,Bulgaria,1962,2922.1,,,,,no
BG,Bulgaria,1963,3008.8,,,,,no
BG,Bulgaria,1964,3207.2,,,,,no
BG,Bulgaria,1965,3352.3,,,,,no
BG,Bulgaria,1966,3576.5,,,,,no
BG,Bulgaria,1967,3716.5,,,,,no
BG,Bulgaria,1968,3717.3,,,,,no
BG,Bulgaria,1969,3842.3,,,,,no
BG,Bulgaria,1970,4005.8,,,,,no
BG,Bulgaria,1971,4231.1,,,,,no
BG,Bulgaria,1972,4503.6,,,,,no
BG,Bulgaria,1973,4819.4,,,,,no
BG,Bulgaria,1974,5126.3,,,,,no
BG,Bulgaria,1975,5530.9,,,,,no
BG,Bulgaria,1976,5834.6,,,,,no
BG,Bulgaria,1977,6147.7,,,,,no
BG,Bulgaria,1978,6437.2,,,,,no
BG,Bulgaria,1979,6823.2,,,,,no
BG,Bulgaria,1980,6849.7,,,,,no
BG,Bulgaria,1981,7337.1,,,,,no
BG,Bulgaria,1982,7547.4,,,,,no
BG,Bulgaria,1983,7797.6,,,,,no
BG,Bulgaria,1984,8047.7,,,,,no
BG,Bulgaria,1985,8231.7,,,,,no
BG,Bulgaria,1986,8510,,,,,no
BG,Bulgaria,1987,8887.2,,,,,no
BG,Bulgaria,1988,9719,,,,,no
BG,Bulgaria,1989,9480.5,,,,,no
BG,Bulgaria,1990,8549.1,,,,,no
BG,Bulgaria,1991,8202.1,,,,,no
BG,Bulgaria,1992,7671.3,,,,,no
BG,Bulgaria,1993,7506.1,,,,,no
BG,Bulgaria,1994,7949.2,,,,,no
BG,Bulgaria,1995,8539.8,,,,,no
BG,Bulgaria,1996,8479.1,,,,,no
BG,Bulgaria,1997,8450.8,,,,,no
BG,Bulgaria,1998,8729.9,,,,,no
BG,Bulgaria,1999,7910.5,,,,,no
BG,Bulgaria,2000,8109.3,,,,,no
BG,Bulgaria,2001,8689.4,,,,,no
BG,Bulgaria,2002,9365.3,,,,,no
BG,Bulgaria,2003,9702.4,,,,,no
BG,Bulgaria,2004,10334.5,,,,,no
BG,Bulgaria,2005,10940.7,,,,,no
BG,Bulgaria,2006,11385.7,,,,,no
BG,Bulgaria,2007,11571,,,,,no
BG,Bulgaria,2008,12983.2,,,,,no
BG,Bulgaria,2009,12499.3,,,,,no
BG,Bulgaria,2010,12633.1,,,,,no
BG,Bulgaria,2011,12880,,,,,no
BG,Bulgaria,2012,13227.3,,,,,no
BG,Bulgaria,2013,13198.5,,,,,no
BG,Bulgaria,2014,13638.1,,,,,no
BG,Bulgaria,2015,13848.3,,,,,no
BG,Bulgaria,2016,14405.2,,,,,no
BG,Bulgaria,2017,15210.9,,,,,no
BG,Bulgaria,2018,16426.7,,,,,no
BG,Bulgaria,2019,17177.4,,,,,no
HR,Croatia,1949,,,,,,no
HR,Croatia,1950,,,,,,no
HR,Croatia,1951,,,,,,no
HR,Croatia,1952,,,,,,no
HR,Croatia,1953,,,,,,no
HR,Croatia,1954,,,,,,no
HR,Croatia,1955,,,,,,no
HR,Croatia,1956,,,,,,no
HR,Croatia,1957,,,,,,no
HR,Croatia,1958,,,,,,no
HR,Croatia,1959,,,,,,no
HR,Croatia,1960,,,,,,no
HR,Croatia,1961,,,,,,no
HR,Croatia,1962,,,,,,no
HR,Croatia,1963,,,,,,no
HR,Croatia,1964,,,,,,no
HR,Croatia,1965,,,,,,no
HR,Croatia,1966,,,,,,no
HR,Croatia,1967,,,,,,no
HR,Croatia,1968,,,,,,no
HR,Croatia,1969,,,,,,no
HR,Croatia,1970,,,,,,no
HR,Croatia,1971,,,,,,no
HR,Croatia,1972,,,,,,no
HR,Croatia,1973,,,,,,no
HR,Croatia,1974,,,,,,no
HR,Croatia,1975,,,,,,no
HR,Croatia,1976,,,,,,no
HR,Croatia,1977,,,,,,no
HR,Croatia,1978,,,,,,no
HR,Croatia,1979,,,,,,no
HR,Croatia,1980,77204.5,,,,,no
HR,Croatia,1981,77129.6,,,,,no
HR,Croatia,1982,77034.9,,,,,no
HR,Croatia,1983,76919.8,,,,,no
HR,Croatia,1984,76794,,,,,no
HR,Croatia,1985,76679.1,,,,,no
HR,Croatia,1986,76608.9,,,,,no
HR,Croatia,1987,76681.1,,,,,no
HR,Croatia,1988,76999.2,,,,,no
HR,Croatia,1989,77657,,,,,no
HR,Croatia,1990,78671.6,,,,,no
HR,Croatia,1991,60274.4,,,,,no
HR,Croatia,1992,52793.5,,,,,no
HR,Croatia,1993,47883.2,,,,,no
HR,Croatia,1994,51734.2,,,,,no
HR,Croatia,1995,56467.1,,,,,no
HR,Croatia,1996,59880.7,,,,,no
HR,Croatia,1997,64638.9,,,,,no
HR,Croatia,1998,66249.1,,,,,no
HR,Croatia,1999,64737.9,,,,,no
HR,Croatia,2000,67592.4,,,,,no
HR,Croatia,2001,67575.8,,,,,no
HR,Croatia,2002,74015.4,,,,,no
HR,Croatia,2003,75873.5,,,,,no
HR,Croatia,2004,79584.5,,,,,no
HR,Croatia,2005,84317.2,,,,,no
HR,Croatia,2006,87767.5,,,,,no
HR,Croatia,2007,92518.1,,,,,no
HR,Croatia,2008,93182.3,,,,,no
HR,Croatia,2009,84605.3,,,,,no
HR,Croatia,2010,83643.3,,,,,no
HR,Croatia,2011,84260.6,,,,,no
HR,Croatia,2012,82796.3,,,,,no
HR,Croatia,2013,84254.5,,,,,no
HR,Croatia,2014,84444.5,,,,,no
HR,Croatia,2015,88167.3,,,,,no
HR,Croatia,2016,88736.3,,,,,no
HR,Croatia,2017,93265.5,,,,,no
HR,Croatia,2018,95706.6,,,,,no
HR,Croatia,2019,99996,,,,,no
EG,Egypt,1949,,,,,,no
EG,Egypt,1950,17323.6,,,,,no
EG,Egypt,1951,17275.1,,,,,no
EG,Egypt,1952,17090,,,,,no
EG,Egypt,1953,16877.3,,,,,no
EG,Egypt,1954,16717.4,,,,,no
EG,Egypt,1955,16598.5,,,,,no
EG,Egypt,1956,16971,,,,,no
EG,Egypt,1957,17398.5,,,,,no
EG,Egypt,1958,17858.2,,,,,no
EG,Egypt,1959,18317.6,,,,,no
EG,Egypt,1960,18765.3,,,,,no
EG,Egypt,1961,19436.9,,,,,no
EG,Egypt,1962,19817,,,,,no
EG,Egypt,1963,21502,,,,,no
EG,Egypt,1964,23498.9,,,,,no
EG,Egypt,1965,24051.8,,,,,no
EG,Egypt,1966,24685.7,,,,,no
EG,Egypt,1967,24223.6,,,,,no
EG,Egypt,1968,23148.5,,,,,no
EG,Egypt,1969,23740.4,,,,,no
EG,Egypt,1970,23484,,,,,no
EG,Egypt,1971,23914.3,,,,,no
EG,Egypt,1972,24461.1,,,,,no
EG,Egypt,1973,24642.4,,,,,no
EG,Egypt,1974,24312.1,,,,,no
EG,Egypt,1975,26135.3,,,,,no
EG,Egypt,1976,29649.4,,,,,no
EG,Egypt,1977,30976,,,,,no
EG,Egypt,1978,32818.6,,,,,no
EG,Egypt,1979,33405.7,,,,,no
EG,Egypt,1980,35833.8,,,,,no
EG,Egypt,1981,36953.1,,,,,no
EG,Egypt,1982,39187.1,,,,,no
EG,Egypt,1983,40234,,,,,no
EG,Egypt,1984,43269.3,,,,,no
EG,Egypt,1985,44204.2,,,,,no
EG,Egypt,1986,45295,,,,,no
EG,Egypt,1987,46332.6,,,,,no
EG,Egypt,1988,48067.1,,,,,no
EG,Egypt,1989,48535.7,,,,,no
EG,Egypt,1990,49602.1,,,,,no
EG,Egypt,1991,48743.3,,,,,no
EG,Egypt,1992,49156.7,,,,,no
EG,Egypt,1993,50659.9,,,,,no
EG,Egypt,1994,51711.1,,,,,no
EG,Egypt,1995,53109.1,,,,,no
EG,Egypt,1996,54559.1,,,,,no
EG,Egypt,1997,56559.8,,,,,no
EG,Egypt,1998,58174.6,,,,,no
EG,Egypt,1999,59337.2,,,,,no
EG,Egypt,2000,61805.3,,,,,no
EG,Egypt,2001,62922.6,,,,,no
EG,Egypt,2002,61712.5,,,,,no
EG,Egypt,2003,61989.9,,,,,no
EG,Egypt,2004,62521,,,,,no
EG,Egypt,2005,63423.3,,,,,no
EG,Egypt,2006,66228.1,,,,,no
EG,Egypt,2007,68895.4,,,,,no
EG,Egypt,2008,71219.8,,,,,no
EG,Egypt,2009,70745.9,,,,,no
EG,Egypt,2010,71262,,,,,no
EG,Egypt,2011,71025.6,,,,,no
EG,Egypt,2012,71875.9,,,,,no
EG,Egypt,2013,71766.9,,,,,no
EG,Egypt,2014,72428.7,,,,,no
EG,Egypt,2015,74563.3,,,,,no
EG,Egypt,2016,76279.4,,,,,no
EG,Egypt,2017,76840.5,,,,,no
EG,Egypt,2018,78620.6,,,,,no
EG,Egypt,2019,84709.7,,,,,no
FR,France,1949,8974.5,,,,,no
FR,France,1950,9701,,,,,no
FR,France,1951,10093.7,,,,,no
FR,France,1952,10279.6,,,,,no
FR,France,1953,10616.7,,,,,no
FR,France,1954,11191.2,,,,,no
FR,France,1955,11741.5,,,,,no
FR,France,1956,12188.9,,,,,no
FR,France,1957,12786,,,,,no
FR,France,1958,12986.7,,,,,no
FR,France,1959,13168.7,,,,,no
FR,France,1960,14210.2,,,,,no
FR,France,1961,14825.9,,,,,no
FR,France,1962,15800.2,,,,,no
FR,France,1963,16448.8,,,,,no
FR,France,1964,17397.5,,,,,no
FR,France,1965,18081.3,,,,,no
FR,France,1966,18889.6,,,,,no
FR,France,1967,19557.4,,,,,no
FR,France,1968,20159.2,,,,,no
FR,France,1969,21312.7,,,,,no
FR,France,1970,22230,,,,,no
FR,France,1971,23191.4,,,,,no
FR,France,1972,23905.5,,,,,no
FR,France,1973,25233.6,,,,,no
FR,France,1974,25968.8,,,,,no
FR,France,1975,25142.6,,,,,no
FR,France,1976,25951.4,,,,,no
FR,France,1977,26540.8,,,,,no
FR,France,1978,27132.7,,,,,no
FR,France,1979,27923.6,,,,,no
FR,France,1980,28048.1,,,,,no
FR,France,1981,27973.2,,,,,no
FR,France,1982,28173.1,,,,,no
FR,France,1983,28031.3,,,,,no
FR,France,1984,28134.8,,,,,no
FR,France,1985,28488.1,,,,,no
FR,France,1986,29002.8,,,,,no
FR,France,1987,29510.3,,,,,no
FR,France,1988,30588.5,,,,,no
FR,France,1989,31596.6,,,,,no
FR,France,1990,32084.8,,,,,no
FR,France,1991,31972.6,,,,,no
FR,France,1992,32216.2,,,,,no
FR,France,1993,31750.1,,,,,no
FR,France,1994,32219.7,,,,,no
FR,France,1995,32656.3,,,,,no
FR,France,1996,33000,,,,,no
FR,France,1997,33763.8,,,,,no
FR,France,1998,34803,,,,,no
FR,France,1999,36015.6,,,,,no
FR,France,2000,36943.5,,,,,no
FR,France,2001,37188.4,,,,,no
FR,France,2002,36827.2,,,,,no
FR,France,2003,36906.6,,,,,no
FR,France,2004,37650.6,,,,,no
FR,France,2005,38105.3,,,,,no
FR,France,2006,38859.3,,,,,no
FR,France,2007,39313,,,,,no
FR,France,2008,38667.2,,,,,no
FR,France,2009,37133.6,,,,,no
FR,France,2010,37746.8,,,,,no
FR,France,2011,37842.6,,,,,no
FR,France,2012,37281.3,,,,,no
FR,France,2013,37360.8,,,,,no
FR,France,2014,37504.1,,,,,no
FR,France,2015,37770.9,,,,,no
FR,France,2016,37911.2,,,,,no
FR,France,2017,38642.8,,,,,no
FR,France,2018,38914.9,,,,,no
FR,France,2019,39305.4,,,,,no
DE,Germany,1949,7231.9,,,,,no
DE,Germany,1950,9160.3,,,,,no
DE,Germany,1951,9939.3,,,,,no
DE,Germany,1952,10722,,,,,no
DE,Germany,1953,11547,,,,,no
DE,Germany,1954,12245.4,,,,,no
DE,Germany,1955,13566.6,,,,,no
DE,Germany,1956,14475.7,,,,,no
DE,Germany,1957,15174.2,,,,,no
DE,Germany,1958,15519.9,,,,,no
DE,Germany,1959,16468.5,,,,,no
DE,Germany,1960,17649,,,,,no
DE,Germany,1961,18172.9,,,,,no
DE,Germany,1962,18735.3,,,,,no
DE,Germany,1963,18971.5,,,,,no
DE,Germany,1964,19993.9,,,,,no
DE,Germany,1965,20789.9,,,,,no
DE,Germany,1966,21108.4,,,,,no
DE,Germany,1967,20861.6,,,,,no
DE,Germany,1968,22000.2,,,,,no
DE,Germany,1969,23535.7,,,,,no
DE,Germany,1970,24577.7,,,,,no
DE,Germany,1971,25045,,,,,no
DE,Germany,1972,25760.5,,,,,no
DE,Germany,1973,26758.3,,,,,no
DE,Germany,1974,26690.7,,,,,no
DE,Germany,1975,26344.2,,,,,no
DE,Germany,1976,27728.9,,,,,no
DE,Germany,1977,28541.9,,,,,no
DE,Germany,1978,29362.4,,,,,no
DE,Germany,1979,30279.3,,,,,no
DE,Germany,1980,30314.7,,,,,no
DE,Germany,1981,29992.6,,,,,no
DE,Germany,1982,29533.3,,,,,no
DE,Germany,1983,29903.4,,,,,no
DE,Germany,1984,30741.7,,,,,no
DE,Germany,1985,31318.2,,,,,no
DE,Germany,1986,31747,,,,,no
DE,Germany,1987,31853,,,,,no
DE,Germany,1988,32852.7,,,,,no
DE,Germany,1989,33625.9,,,,,no
DE,Germany,1990,34567.9,,,,,no
DE,Germany,1991,31337,,,,,no
DE,Germany,1992,31580,,,,,no
DE,Germany,1993,30804,,,,,no
DE,Germany,1994,31379.5,,,,,no
DE,Germany,1995,31654.7,,,,,no
DE,Germany,1996,31847.3,,,,,no
DE,Germany,1997,32314.1,,,,,no
DE,Germany,1998,32795.4,,,,,no
DE,Germany,1999,33326.7,,,,,no
DE,Germany,2000,34068.8,,,,,no
DE,Germany,2001,34328.8,,,,,no
DE,Germany,2002,34027.7,,,,,no
DE,Germany,2003,33964.1,,,,,no
DE,Germany,2004,34899.9,,,,,no
DE,Germany,2005,35150.6,,,,,no
DE,Germany,2006,36805.3,,,,,no
DE,Germany,2007,37623.2,,,,,no
DE,Germany,2008,37681.7,,,,,no
DE,Germany,2009,35395.5,,,,,no
DE,Germany,2010,36572.6,,,,,no
DE,Germany,2011,37438.3,,,,,no
DE,Germany,2012,37607.5,,,,,no
DE,Germany,2013,37639.2,,,,,no
DE,Germany,2014,38249.7,,,,,no
DE,Germany,2015,38867.1,,,,,no
DE,Germany,2016,39649.5,,,,,no
DE,Germany,2017,40440.5,,,,,no
DE,Germany,2018,40899.7,,,,,no
DE,Germany,2019,41374.2,,,,,no
GR,Greece,1949,,,,,,no
GR,Greece,1950,3806.1,,,,,no
GR,Greece,1951,4077.9,,,,,no
GR,Greece,1952,4002.5,,,,,no
GR,Greece,1953,4487.7,,,,,no
GR,Greece,1954,4537.3,,,,,no
GR,Greece,1955,4815.4,,,,,no
GR,Greece,1956,5145.7,,,,,no
GR,Greece,1957,5405.6,,,,,no
GR,Greece,1958,5566.2,,,,,no
GR,Greece,1959,5674.7,,,,,no
GR,Greece,1960,5907.7,,,,,no
GR,Greece,1961,6638.1,,,,,no
GR,Greece,1962,6917.7,,,,,no
GR,Greece,1963,7610.5,,,,,no
GR,Greece,1964,8536.2,,,,,no
GR,Greece,1965,9456.6,,,,,no
GR,Greece,1966,9897,,,,,no
GR,Greece,1967,10307.2,,,,,no
GR,Greece,1968,11040,,,,,no
GR,Greece,1969,12330.6,,,,,no
GR,Greece,1970,13374.2,,,,,no
GR,Greece,1971,14491.5,,,,,no
GR,Greece,1972,15872.2,,,,,no
GR,Greece,1973,17800.2,,,,,no
GR,Greece,1974,16047.2,,,,,no
GR,Greece,1975,16711.6,,,,,no
GR,Greece,1976,17814.5,,,,,no
GR,Greece,1977,18247.1,,,,,no
GR,Greece,1978,19491.5,,,,,no
GR,Greece,1979,19799.7,,,,,no
GR,Greece,1980,18582.3,,,,,no
GR,Greece,1981,17508.6,,,,,no
GR,Greece,1982,18047.5,,,,,no
GR,Greece,1983,17468.7,,,,,no
GR,Greece,1984,18112.8,,,,,no
GR,Greece,1985,18272.9,,,,,no
GR,Greece,1986,17727.1,,,,,no
GR,Greece,1987,17063,,,,,no
GR,Greece,1988,18229,,,,,no
GR,Greece,1989,18905.1,,,,,no
GR,Greece,1990,18748.1,,,,,no
GR,Greece,1991,18990.5,,,,,no
GR,Greece,1992,18755.7,,,,,no
GR,Greece,1993,18376.2,,,,,no
GR,Greece,1994,18698.4,,,,,no
GR,Greece,1995,19185.4,,,,,no
GR,Greece,1996,19103.6,,,,,no
GR,Greece,1997,20086.3,,,,,no
GR,Greece,1998,20703.8,,,,,no
GR,Greece,1999,21314.6,,,,,no
GR,Greece,2000,20922.2,,,,,no
GR,Greece,2001,21563.3,,,,,no
GR,Greece,2002,22374.2,,,,,no
GR,Greece,2003,23069.1,,,,,no
GR,Greece,2004,23971.3,,,,,no
GR,Greece,2005,23510.7,,,,,no
GR,Greece,2006,24518.4,,,,,no
GR,Greece,2007,25071.7,,,,,no
GR,Greece,2008,24684.2,,,,,no
GR,Greece,2009,23793.2,,,,,no
GR,Greece,2010,21380.5,,,,,no
GR,Greece,2011,18625.5,,,,,no
GR,Greece,2012,17443,,,,,no
GR,Greece,2013,16692.2,,,,,no
GR,Greece,2014,17253,,,,,no
GR,Greece,2015,17289,,,,,no
GR,Greece,2016,17276.5,,,,,no
GR,Greece,2017,17715.3,,,,,no
GR,Greece,2018,18035.2,,,,,no
GR,Greece,2019,18639.2,,,,,no
HU,Hungary,1949,469485.9,,,,,no
HU,Hungary,1950,742327.5,,,,,no
HU,Hungary,1951,854182.9,,,,,no
HU,Hungary,1952,657641.6,,,,,no
HU,Hungary,1953,741847.2,,,,,no
HU,Hungary,1954,800702.5,,,,,no
HU,Hungary,1955,888296.4,,,,,no
HU,Hungary,1956,757541.1,,,,,no
HU,Hungary,1957,990288.7,,,,,no
HU,Hungary,1958,996919.1,,,,,no
HU,Hungary,1959,1177385.5,,,,,no
HU,Hungary,1960,1278335.1,,,,,no
HU,Hungary,1961,1332996.8,,,,,no
HU,Hungary,1962,1385087.9,,,,,no
HU,Hungary,1963,1454026.9,,,,,no
HU,Hungary,1964,1506312,,,,,no
HU,Hungary,1965,1459290.1,,,,,no
HU,Hungary,1966,1583834.1,,,,,no
HU,Hungary,1967,1689868.8,,,,,no
HU,Hungary,1968,1843867.5,,,,,no
HU,Hungary,1969,2005607.3,,,,,no
HU,Hungary,1970,2075080.3,,,,,no
HU,Hungary,1971,2185875.8,,,,,no
HU,Hungary,1972,2284228.5,,,,,no
HU,Hungary,1973,2418585.3,,,,,no
HU,Hungary,1974,2472637.8,,,,,no
HU,Hungary,1975,2549773,,,,,no
HU,Hungary,1976,2662824.3,,,,,no
HU,Hungary,1977,2814506.3,,,,,no
HU,Hungary,1978,2903150.8,,,,,no
HU,Hungary,1979,2887638,,,,,no
HU,Hungary,1980,2810301.3,,,,,no
HU,Hungary,1981,2925008.8,,,,,no
HU,Hungary,1982,2851354,,,,,no
HU,Hungary,1983,2854312.5,,,,,no
HU,Hungary,1984,2871237,,,,,no
HU,Hungary,1985,2843068.8,,,,,no
HU,Hungary,1986,2835357.3,,,,,no
HU,Hungary,1987,2967291.5,,,,,no
HU,Hungary,1988,3042053.3,,,,,no
HU,Hungary,1989,3088788,,,,,no
HU,Hungary,1990,3012193,,,,,no
HU,Hungary,1991,2645623.5,,,,,no
HU,Hungary,1992,2479385.8,,,,,no
HU,Hungary,1993,2372470,,,,,no
HU,Hungary,1994,2373605.3,,,,,no
HU,Hungary,1995,2344251.5,,,,,no
HU,Hungary,1996,2283436.5,,,,,no
HU,Hungary,1997,2366817.5,,,,,no
HU,Hungary,1998,2456231.8,,,,,no
HU,Hungary,1999,2470580.8,,,,,no
HU,Hungary,2000,2618020.5,,,,,no
HU,Hungary,2001,2738989,,,,,no
HU,Hungary,2002,2990149.8,,,,,no
HU,Hungary,2003,3161144.3,,,,,no
HU,Hungary,2004,3251376.8,,,,,no
HU,Hungary,2005,3351539.3,,,,,no
HU,Hungary,2006,3460657.5,,,,,no
HU,Hungary,2007,3340766.5,,,,,no
HU,Hungary,2008,3359385.8,,,,,no
HU,Hungary,2009,3151336,,,,,no
HU,Hungary,2010,3082744.8,,,,,no
HU,Hungary,2011,3083765.8,,,,,no
HU,Hungary,2012,2994221,,,,,no
HU,Hungary,2013,3164311.3,,,,,no
HU,Hungary,2014,3394007,,,,,no
HU,Hungary,2015,3580150.5,,,,,no
HU,Hungary,2016,3768807.5,,,,,no
HU,Hungary,2017,3882192.8,,,,,no
HU,Hungary,2018,4102094.5,,,,,no
HU,Hungary,2019,4275740.5,,,,,no
IL,Israel,1949,,,,,,no
IL,Israel,1950,36839.1,,,,,no
IL,Israel,1951,45359.3,,,,,no
IL,Israel,1952,43562.3,,,,,no
IL,Israel,1953,40136.9,,,,,no
IL,Israel,1954,45373,,,,,no
IL,Israel,1955,49680.6,,,,,no
IL,Israel,1956,51939.8,,,,,no
IL,Israel,1957,54346.6,,,,,no
IL,Israel,1958,56408,,,,,no
IL,Israel,1959,61478.6,,,,,no
IL,Israel,1960,63290.5,,,,,no
IL,Israel,1961,67772.8,,,,,no
IL,Israel,1962,70883.7,,,,,no
IL,Israel,1963,75813.8,,,,,no
IL,Israel,1964,80239.4,,,,,no
IL,Israel,1965,84903.8,,,,,no
IL,Israel,1966,82274.2,,,,,no
IL,Israel,1967,81853.9,,,,,no
IL,Israel,1968,92300.1,,,,,no
IL,Israel,1969,101890.4,,,,,no
IL,Israel,1970,99233.1,,,,,no
IL,Israel,1971,107445.2,,,,,no
IL,Israel,1972,115787.3,,,,,no
IL,Israel,1973,116899.2,,,,,no
IL,Israel,1974,118647,,,,,no
IL,Israel,1975,116025,,,,,no
IL,Israel,1976,112603.4,,,,,no
IL,Israel,1977,110378.7,,,,,no
IL,Israel,1978,111099,,,,,no
IL,Israel,1979,117036.5,,,,,no
IL,Israel,1980,112956.2,,,,,no
IL,Israel,1981,118482.9,,,,,no
IL,Israel,1982,115844.5,,,,,no
IL,Israel,1983,117004.2,,,,,no
IL,Israel,1984,111459.4,,,,,no
IL,Israel,1985,112412,,,,,no
IL,Israel,1986,118251.1,,,,,no
IL,Israel,1987,127812.4,,,,,no
IL,Israel,1988,131744.7,,,,,no
IL,Israel,1989,130261.9,,,,,no
IL,Israel,1990,137598.6,,,,,no
IL,Israel,1991,145319.1,,,,,no
IL,Israel,1992,149770.5,,,,,no
IL,Israel,1993,148517.7,,,,,no
IL,Israel,1994,153303,,,,,no
IL,Israel,1995,159261.3,,,,,no
IL,Israel,1996,159553.8,,,,,no
IL,Israel,1997,159326.2,,,,,no
IL,Israel,1998,160578.5,,,,,no
IL,Israel,1999,155794.5,,,,,no
IL,Israel,2000,159761.3,,,,,no
IL,Israel,2001,161059.5,,,,,no
IL,Israel,2002,157389.7,,,,,no
IL,Israel,2003,154036.3,,,,,no
IL,Israel,2004,159174.3,,,,,no
IL,Israel,2005,164948.4,,,,,no
IL,Israel,2006,171261.1,,,,,no
IL,Israel,2007,175761.2,,,,,no
IL,Israel,2008,174680.8,,,,,no
IL,Israel,2009,170374.1,,,,,no
IL,Israel,2010,178453.7,,,,,no
IL,Israel,2011,183338.5,,,,,no
IL,Israel,2012,181385.8,,,,,no
IL,Israel,2013,191333.2,,,,,no
IL,Israel,2014,196468.4,,,,,no
IL,Israel,2015,196920.8,,,,,no
IL,Israel,2016,201835.1,,,,,no
IL,Israel,2017,206826,,,,,no
IL,Israel,2018,211793.7,,,,,no
IL,Israel,2019,215479.7,,,,,no
IT,Italy,1949,,,,,,no
IT,Italy,1950,7034.9,,,,,no
IT,Italy,1951,7453.8,,,,,no
IT,Italy,1952,7887.5,,,,,no
IT,Italy,1953,8344.8,,,,,no
IT,Italy,1954,8666.9,,,,,no
IT,Italy,1955,9080.8,,,,,no
IT,Italy,1956,9368.4,,,,,no
IT,Italy,1957,9833.5,,,,,no
IT,Italy,1958,10270.2,,,,,no
IT,Italy,1959,10831.3,,,,,no
IT,Italy,1960,11355.9,,,,,no
IT,Italy,1961,12170,,,,,no
IT,Italy,1962,12806.8,,,,,no
IT,Italy,1963,13358.1,,,,,no
IT,Italy,1964,13551.7,,,,,no
IT,Italy,1965,13948.8,,,,,no
IT,Italy,1966,14804.1,,,,,no
IT,Italy,1967,15746.8,,,,,no
IT,Italy,1968,16680.4,,,,,no
IT,Italy,1969,17556,,,,,no
IT,Italy,1970,18238.3,,,,,no
IT,Italy,1971,18463.8,,,,,no
IT,Italy,1972,19018,,,,,no
IT,Italy,1973,20132.9,,,,,no
IT,Italy,1974,20774.4,,,,,no
IT,Italy,1975,19926.6,,,,,no
IT,Italy,1976,21308.5,,,,,no
IT,Italy,1977,21704.6,,,,,no
IT,Italy,1978,22350.6,,,,,no
IT,Italy,1979,23724.1,,,,,no
IT,Italy,1980,24422.5,,,,,no
IT,Italy,1981,24025.3,,,,,no
IT,Italy,1982,23834.6,,,,,no
IT,Italy,1983,23990.9,,,,,no
IT,Italy,1984,24571.7,,,,,no
IT,Italy,1985,24952.9,,,,,no
IT,Italy,1986,25470.9,,,,,no
IT,Italy,1987,26132.7,,,,,no
IT,Italy,1988,27027.8,,,,,no
IT,Italy,1989,27652.6,,,,,no
IT,Italy,1990,27745.2,,,,,no
IT,Italy,1991,27865.2,,,,,no
IT,Italy,1992,27533,,,,,no
IT,Italy,1993,27072.9,,,,,no
IT,Italy,1994,27469.3,,,,,no
IT,Italy,1995,28194.5,,,,,no
IT,Italy,1996,28446.6,,,,,no
IT,Italy,1997,29054.8,,,,,no
IT,Italy,1998,29270.9,,,,,no
IT,Italy,1999,29878.8,,,,,no
IT,Italy,2000,30739.3,,,,,no
IT,Italy,2001,31250.8,,,,,no
IT,Italy,2002,31090.8,,,,,no
IT,Italy,2003,30738.1,,,,,no
IT,Italy,2004,31008.5,,,,,no
IT,Italy,2005,31100.7,,,,,no
IT,Italy,2006,31648.6,,,,,no
IT,Italy,2007,31840.8,,,,,no
IT,Italy,2008,30682.2,,,,,no
IT,Italy,2009,28709.5,,,,,no
IT,Italy,2010,29082.9,,,,,no
IT,Italy,2011,28887.6,,,,,no
IT,Italy,2012,27570.3,,,,,no
IT,Italy,2013,26849.8,,,,,no
IT,Italy,2014,26838.3,,,,,no
IT,Italy,2015,26750.1,,,,,no
IT,Italy,2016,27366.7,,,,,no
IT,Italy,2017,27911,,,,,no
IT,Italy,2018,28279.8,,,,,no
IT,Italy,2019,28329.5,,,,,no
JO,Jordan,1949,,,,,,no
JO,Jordan,1950,3765.5,,,,,no
JO,Jordan,1951,3599.3,,,,,no
JO,Jordan,1952,3546.4,,,,,no
JO,Jordan,1953,3507.1,,,,,no
JO,Jordan,1954,3547.4,,,,,no
JO,Jordan,1955,3127.1,,,,,no
JO,Jordan,1956,4082.4,,,,,no
JO,Jordan,1957,3901.6,,,,,no
JO,Jordan,1958,4018.8,,,,,no
JO,Jordan,1959,4055.2,,,,,no
JO,Jordan,1960,4076.2,,,,,no
JO,Jordan,1961,4752.6,,,,,no
JO,Jordan,1962,4686.1,,,,,no
JO,Jordan,1963,4782.7,,,,,no
JO,Jordan,1964,5372.9,,,,,no
JO,Jordan,1965,5648.2,,,,,no
JO,Jordan,1966,5399.4,,,,,no
JO,Jordan,1967,5460.8,,,,,no
JO,Jordan,1968,4829.7,,,,,no
JO,Jordan,1969,4913.3,,,,,no
JO,Jordan,1970,4360.3,,,,,no
JO,Jordan,1971,4159.9,,,,,no
JO,Jordan,1972,4236.4,,,,,no
JO,Jordan,1973,4077.4,,,,,no
JO,Jordan,1974,4414.4,,,,,no
JO,Jordan,1975,3684.1,,,,,no
JO,Jordan,1976,4554.5,,,,,no
JO,Jordan,1977,4784.6,,,,,no
JO,Jordan,1978,5683.5,,,,,no
JO,Jordan,1979,6061.7,,,,,no
JO,Jordan,1980,6967.9,,,,,no
JO,Jordan,1981,7054.1,,,,,no
JO,Jordan,1982,7118.4,,,,,no
JO,Jordan,1983,6724.6,,,,,no
JO,Jordan,1984,6729.3,,,,,no
JO,Jordan,1985,6509.6,,,,,no
JO,Jordan,1986,6819.2,,,,,no
JO,Jordan,1987,6735.2,,,,,no
JO,Jordan,1988,6221.2,,,,,no
JO,Jordan,1989,5460.3,,,,,no
JO,Jordan,1990,5361.3,,,,,no
JO,Jordan,1991,4881.3,,,,,no
JO,Jordan,1992,5355.2,,,,,no
JO,Jordan,1993,5288.5,,,,,no
JO,Jordan,1994,5300.7,,,,,no
JO,Jordan,1995,5282.5,,,,,no
JO,Jordan,1996,4992.9,,,,,no
JO,Jordan,1997,5084.4,,,,,no
JO,Jordan,1998,5140.1,,,,,no
JO,Jordan,1999,5259.3,,,,,no
JO,Jordan,2000,5363.5,,,,,no
JO,Jordan,2001,5577.6,,,,,no
JO,Jordan,2002,5664.9,,,,,no
JO,Jordan,2003,5711.3,,,,,no
JO,Jordan,2004,6064.4,,,,,no
JO,Jordan,2005,6264.2,,,,,no
JO,Jordan,2006,6531.1,,,,,no
JO,Jordan,2007,6760.4,,,,,no
JO,Jordan,2008,6839.8,,,,,no
JO,Jordan,2009,6708,,,,,no
JO,Jordan,2010,6314.2,,,,,no
JO,Jordan,2011,6048.8,,,,,no
JO,Jordan,2012,5811.4,,,,,no
JO,Jordan,2013,5758.4,,,,,no
JO,Jordan,2014,5588.3,,,,,no
JO,Jordan,2015,5440.5,,,,,no
JO,Jordan,2016,5251.3,,,,,no
JO,Jordan,2017,5196.2,,,,,no
JO,Jordan,2018,5135.5,,,,,no
JO,Jordan,2019,5121,,,,,no
KW,Kuwait,1949,,,,,,no
KW,Kuwait,1950,41860.2,,,,,no
KW,Kuwait,1951,43699.7,,,,,no
KW,Kuwait,1952,44634.9,,,,,no
KW,Kuwait,1953,47135.5,,,,,no
KW,Kuwait,1954,50018,,,,,no
KW,Kuwait,1955,48053.7,,,,,no
KW,Kuwait,1956,49176.8,,,,,no
KW,Kuwait,1957,47336,,,,,no
KW,Kuwait,1958,45402.9,,,,,no
KW,Kuwait,1959,45404,,,,,no
KW,Kuwait,1960,44477.3,,,,,no
KW,Kuwait,1961,41415.6,,,,,no
KW,Kuwait,1962,42314.7,,,,,no
KW,Kuwait,1963,40396,,,,,no
KW,Kuwait,1964,40130.3,,,,,no
KW,Kuwait,1965,37021.9,,,,,no
KW,Kuwait,1966,38900.6,,,,,no
KW,Kuwait,1967,36942.6,,,,,no
KW,Kuwait,1968,37485.6,,,,,no
KW,Kuwait,1969,35677.4,,,,,no
KW,Kuwait,1970,52563.1,,,,,no
KW,Kuwait,1971,53733.6,,,,,no
KW,Kuwait,1972,53097.9,,,,,no
KW,Kuwait,1973,47257.9,,,,,no
KW,Kuwait,1974,39983.2,,,,,no
KW,Kuwait,1975,36144.5,,,,,no
KW,Kuwait,1976,36426,,,,,no
KW,Kuwait,1977,32477.7,,,,,no
KW,Kuwait,1978,33134.4,,,,,no
KW,Kuwait,1979,33758.3,,,,,no
KW,Kuwait,1980,26089.2,,,,,no
KW,Kuwait,1981,21960,,,,,no
KW,Kuwait,1982,17956.7,,,,,no
KW,Kuwait,1983,17725.1,,,,,no
KW,Kuwait,1984,17304.3,,,,,no
KW,Kuwait,1985,15292.5,,,,,no
KW,Kuwait,1986,18537.2,,,,,no
KW,Kuwait,1987,16482.1,,,,,no
KW,Kuwait,1988,15064.5,,,,,no
KW,Kuwait,1989,18425,,,,,no
KW,Kuwait,1990,13995.6,,,,,no
KW,Kuwait,1991,8687.1,,,,,no
KW,Kuwait,1992,14260.8,,,,,no
KW,Kuwait,1993,18627.5,,,,,no
KW,Kuwait,1994,20625.3,,,,,no
KW,Kuwait,1995,23066.2,,,,,no
KW,Kuwait,1996,22540.8,,,,,no
KW,Kuwait,1997,22801.6,,,,,no
KW,Kuwait,1998,22192.8,,,,,no
KW,Kuwait,1999,19823,,,,,no
KW,Kuwait,2000,19410.7,,,,,no
KW,Kuwait,2001,17992.2,,,,,no
KW,Kuwait,2002,16871.1,,,,,no
KW,Kuwait,2003,19122.4,,,,,no
KW,Kuwait,2004,21200.6,,,,,no
KW,Kuwait,2005,22633,,,,,no
KW,Kuwait,2006,23835,,,,,no
KW,Kuwait,2007,23721.6,,,,,no
KW,Kuwait,2008,21732.3,,,,,no
KW,Kuwait,2009,18776.6,,,,,no
KW,Kuwait,2010,17317.6,,,,,no
KW,Kuwait,2011,17418.9,,,,,no
KW,Kuwait,2012,17443.9,,,,,no
KW,Kuwait,2013,16879.3,,,,,no
KW,Kuwait,2014,16109.1,,,,,no
KW,Kuwait,2015,15867,,,,,no
KW,Kuwait,2016,16427.7,,,,,no
KW,Kuwait,2017,15215.6,,,,,no
KW,Kuwait,2018,14859.6,,,,,no
KW,Kuwait,2019,14731.5,,,,,no
LB,Lebanon,1949,,,,,,no
LB,Lebanon,1950,16825800,,,,,no
LB,Lebanon,1951,14804078,,,,,no
LB,Lebanon,1952,15487002,,,,,no
LB,Lebanon,1953,17533586,,,,,no
LB,Lebanon,1954,19713266,,,,,no
LB,Lebanon,1955,20786790,,,,,no
LB,Lebanon,1956,19857020,,,,,no
LB,Lebanon,1957,19761118,,,,,no
LB,Lebanon,1958,16426235,,,,,no
LB,Lebanon,1959,17511752,,,,,no
LB,Lebanon,1960,17624766,,,,,no
LB,Lebanon,1961,18395388,,,,,no
LB,Lebanon,1962,18736358,,,,,no
LB,Lebanon,1963,18537800,,,,,no
LB,Lebanon,1964,19347168,,,,,no
LB,Lebanon,1965,20997732,,,,,no
LB,Lebanon,1966,22157314,,,,,no
LB,Lebanon,1967,20727432,,,,,no
LB,Lebanon,1968,23082760,,,,,no
LB,Lebanon,1969,23108710,,,,,no
LB,Lebanon,1970,27312690,,,,,no
LB,Lebanon,1971,29600874,,,,,no
LB,Lebanon,1972,31710050,,,,,no
LB,Lebanon,1973,31775562,,,,,no
LB,Lebanon,1974,31722574,,,,,no
LB,Lebanon,1975,21402982,,,,,no
LB,Lebanon,1976,8689823,,,,,no
LB,Lebanon,1977,16530995,,,,,no
LB,Lebanon,1978,15991848,,,,,no
LB,Lebanon,1979,17555082,,,,,no
LB,Lebanon,1980,18156012,,,,,no
LB,Lebanon,1981,18207710,,,,,no
LB,Lebanon,1982,11167547,,,,,no
LB,Lebanon,1983,13718499,,,,,no
LB,Lebanon,1984,19963856,,,,,no
LB,Lebanon,1985,24820382,,,,,no
LB,Lebanon,1986,22809216,,,,,no
LB,Lebanon,1987,26612294,,,,,no
LB,Lebanon,1988,18683370,,,,,no
LB,Lebanon,1989,10245591,,,,,no
LB,Lebanon,1990,12749478,,,,,no
LB,Lebanon,1991,18174996,,,,,no
LB,Lebanon,1992,19697428,,,,,no
LB,Lebanon,1993,20217328,,,,,no
LB,Lebanon,1994,20369956,,,,,no
LB,Lebanon,1995,20435440,,,,,no
LB,Lebanon,1996,22047700,,,,,no
LB,Lebanon,1997,19584848,,,,,no
LB,Lebanon,1998,19802446,,,,,no
LB,Lebanon,1999,19377438,,,,,no
LB,Lebanon,2000,19005116,,,,,no
LB,Lebanon,2001,18650652,,,,,no
LB,Lebanon,2002,17693364,,,,,no
LB,Lebanon,2003,14960288,,,,,no
LB,Lebanon,2004,17918814,,,,,no
LB,Lebanon,2005,18428984,,,,,no
LB,Lebanon,2006,18567604,,,,,no
LB,Lebanon,2007,20567262,,,,,no
LB,Lebanon,2008,21864018,,,,,no
LB,Lebanon,2009,22925164,,,,,no
LB,Lebanon,2010,23528282,,,,,no
LB,Lebanon,2011,22758374,,,,,no
LB,Lebanon,2012,22013102,,,,,no
LB,Lebanon,2013,21153970,,,,,no
LB,Lebanon,2014,20256164,,,,,no
LB,Lebanon,2015,19561902,,,,,no
LB,Lebanon,2016,19108838,,,,,no
LB,Lebanon,2017,18949378,,,,,no
LB,Lebanon,2018,18650186,,,,,no
LB,Lebanon,2019,18500474,,,,,no
LY,Libya,1949,,,,,,no
LY,Libya,1950,2295.4,,,,,no
LY,Libya,1951,2530.7,,,,,no
LY,Libya,1952,2693.3,,,,,no
LY,Libya,1953,2698.2,,,,,no
LY,Libya,1954,2632.6,,,,,no
LY,Libya,1955,3261.6,,,,,no
LY,Libya,1956,3906.5,,,,,no
LY,Libya,1957,3961.1,,,,,no
LY,Libya,1958,4233.9,,,,,no
LY,Libya,1959,4421.1,,,,,no
LY,Libya,1960,5544,,,,,no
LY,Libya,1961,5863.4,,,,,no
LY,Libya,1962,7543.6,,,,,no
LY,Libya,1963,9863.7,,,,,no
LY,Libya,1964,13543.2,,,,,no
LY,Libya,1965,16759.2,,,,,no
LY,Libya,1966,19168.6,,,,,no
LY,Libya,1967,20521.8,,,,,no
LY,Libya,1968,26808.8,,,,,no
LY,Libya,1969,29243.4,,,,,no
LY,Libya,1970,25525.7,,,,,no
LY,Libya,1971,25002,,,,,no
LY,Libya,1972,25633.3,,,,,no
LY,Libya,1973,25878.5,,,,,no
LY,Libya,1974,31646.9,,,,,no
LY,Libya,1975,31767.8,,,,,no
LY,Libya,1976,38287.6,,,,,no
LY,Libya,1977,40676.4,,,,,no
LY,Libya,1978,40598.7,,,,,no
LY,Libya,1979,43972.8,,,,,no
LY,Libya,1980,43860.5,,,,,no
LY,Libya,1981,33814.5,,,,,no
LY,Libya,1982,32466.7,,,,,no
LY,Libya,1983,29812.6,,,,,no
LY,Libya,1984,26815.3,,,,,no
LY,Libya,1985,28336,,,,,no
LY,Libya,1986,24146.3,,,,,no
LY,Libya,1987,20114.7,,,,,no
LY,Libya,1988,20932.5,,,,,no
LY,Libya,1989,21497.1,,,,,no
LY,Libya,1990,21555.8,,,,,no
LY,Libya,1991,24156.7,,,,,no
LY,Libya,1992,22664.4,,,,,no
LY,Libya,1993,20733.7,,,,,no
LY,Libya,1994,20462.6,,,,,no
LY,Libya,1995,18767,,,,,no
LY,Libya,1996,18287.6,,,,,no
LY,Libya,1997,19448.6,,,,,no
LY,Libya,1998,17930.7,,,,,no
LY,Libya,1999,20651.7,,,,,no
LY,Libya,2000,20282.3,,,,,no
LY,Libya,2001,18985.2,,,,,no
LY,Libya,2002,18989.5,,,,,no
LY,Libya,2003,21023,,,,,no
LY,Libya,2004,20764.9,,,,,no
LY,Libya,2005,22477.5,,,,,no
LY,Libya,2006,23184.2,,,,,no
LY,Libya,2007,25172.2,,,,,no
LY,Libya,2008,24590.3,,,,,no
LY,Libya,2009,24021.5,,,,,no
LY,Libya,2010,24689,,,,,no
LY,Libya,2011,8802.5,,,,,no
LY,Libya,2012,20014,,,,,no
LY,Libya,2013,17364.9,,,,,no
LY,Libya,2014,13347.5,,,,,no
LY,Libya,2015,12766.3,,,,,no
LY,Libya,2016,11947.8,,,,,no
LY,Libya,2017,14939.3,,,,,no
LY,Libya,2018,15420.7,,,,,no
LY,Libya,2019,12128.5,,,,,no
ME,Montenegro,1949,,,,,,no
ME,Montenegro,1950,,,,,,no
ME,Montenegro,1951,,,,,,no
ME,Montenegro,1952,,,,,,no
ME,Montenegro,1953,,,,,,no
ME,Montenegro,1954,,,,,,no
ME,Montenegro,1955,,,,,,no
ME,Montenegro,1956,,,,,,no
ME,Montenegro,1957,,,,,,no
ME,Montenegro,1958,,,,,,no
ME,Montenegro,1959,,,,,,no
ME,Montenegro,1960,,,,,,no
ME,Montenegro,1961,,,,,,no
ME,Montenegro,1962,,,,,,no
ME,Montenegro,1963,,,,,,no
ME,Montenegro,1964,,,,,,no
ME,Montenegro,1965,,,,,,no
ME,Montenegro,1966,,,,,,no
ME,Montenegro,1967,,,,,,no
ME,Montenegro,1968,,,,,,no
ME,Montenegro,1969,,,,,,no
ME,Montenegro,1970,,,,,,no
ME,Montenegro,1971,,,,,,no
ME,Montenegro,1972,,,,,,no
ME,Montenegro,1973,,,,,,no
ME,Montenegro,1974,,,,,,no
ME,Montenegro,1975,,,,,,no
ME,Montenegro,1976,,,,,,no
ME,Montenegro,1977,,,,,,no
ME,Montenegro,1978,,,,,,no
ME,Montenegro,1979,,,,,,no
ME,Montenegro,1980,8065.9,,,,,no
ME,Montenegro,1981,8062.4,,,,,no
ME,Montenegro,1982,8059.1,,,,,no
ME,Montenegro,1983,8055.2,,,,,no
ME,Montenegro,1984,8050,,,,,no
ME,Montenegro,1985,8044.4,,,,,no
ME,Montenegro,1986,8036.4,,,,,no
ME,Montenegro,1987,8037.6,,,,,no
ME,Montenegro,1988,8058.3,,,,,no
ME,Montenegro,1989,8110.9,,,,,no
ME,Montenegro,1990,8202.2,,,,,no
ME,Montenegro,1991,7273.3,,,,,no
ME,Montenegro,1992,5461.2,,,,,no
ME,Montenegro,1993,3309.1,,,,,no
ME,Montenegro,1994,3368.7,,,,,no
ME,Montenegro,1995,3874.5,,,,,no
ME,Montenegro,1996,5012.8,,,,,no
ME,Montenegro,1997,5318.1,,,,,no
ME,Montenegro,1998,5535.2,,,,,no
ME,Montenegro,1999,4982.7,,,,,no
ME,Montenegro,2000,5738.8,,,,,no
ME,Montenegro,2001,5758.7,,,,,no
ME,Montenegro,2002,5821.7,,,,,no
ME,Montenegro,2003,5913.4,,,,,no
ME,Montenegro,2004,6126.1,,,,,no
ME,Montenegro,2005,6324.6,,,,,no
ME,Montenegro,2006,6840.1,,,,,no
ME,Montenegro,2007,7338.2,,,,,no
ME,Montenegro,2008,7890.8,,,,,no
ME,Montenegro,2009,7225,,,,,no
ME,Montenegro,2010,7319.1,,,,,no
ME,Montenegro,2011,7658.7,,,,,no
ME,Montenegro,2012,7457.8,,,,,no
ME,Montenegro,2013,7725.5,,,,,no
ME,Montenegro,2014,7759.5,,,,,no
ME,Montenegro,2015,8075.7,,,,,no
ME,Montenegro,2016,8154.1,,,,,no
ME,Montenegro,2017,8630.1,,,,,no
ME,Montenegro,2018,8961.6,,,,,no
ME,Montenegro,2019,9189.8,,,,,no
MA,Morocco,1949,,,,,,no
MA,Morocco,1950,16657.8,,,,,no
MA,Morocco,1951,16708.1,,,,,no
MA,Morocco,1952,16796.2,,,,,no
MA,Morocco,1953,16857.5,,,,,no
MA,Morocco,1954,16882.6,,,,,no
MA,Morocco,1955,16894.7,,,,,no
MA,Morocco,1956,16612.4,,,,,no
MA,Morocco,1957,16275.4,,,,,no
MA,Morocco,1958,15937.8,,,,,no
MA,Morocco,1959,15632.3,,,,,no
MA,Morocco,1960,15367.1,,,,,no
MA,Morocco,1961,14711.2,,,,,no
MA,Morocco,1962,16279.2,,,,,no
MA,Morocco,1963,17017.6,,,,,no
MA,Morocco,1964,17015.6,,,,,no
MA,Morocco,1965,17101.6,,,,,no
MA,Morocco,1966,16600.5,,,,,no
MA,Morocco,1967,18015.5,,,,,no
MA,Morocco,1968,19590.9,,,,,no
MA,Morocco,1969,20910.2,,,,,no
MA,Morocco,1970,21258.2,,,,,no
MA,Morocco,1971,22120.5,,,,,no
MA,Morocco,1972,22155.7,,,,,no
MA,Morocco,1973,22431.3,,,,,no
MA,Morocco,1974,23191.7,,,,,no
MA,Morocco,1975,24066,,,,,no
MA,Morocco,1976,25808.7,,,,,no
MA,Morocco,1977,26390,,,,,no
MA,Morocco,1978,25886.6,,,,,no
MA,Morocco,1979,26110.6,,,,,no
MA,Morocco,1980,26034.5,,,,,no
MA,Morocco,1981,24354.9,,,,,no
MA,Morocco,1982,25761.5,,,,,no
MA,Morocco,1983,25116.1,,,,,no
MA,Morocco,1984,25816.4,,,,,no
MA,Morocco,1985,26151.7,,,,,no
MA,Morocco,1986,28258.5,,,,,no
MA,Morocco,1987,27261.4,,,,,no
MA,Morocco,1988,29458.9,,,,,no
MA,Morocco,1989,29365.4,,,,,no
MA,Morocco,1990,29853.8,,,,,no
MA,Morocco,1991,31077,,,,,no
MA,Morocco,1992,29622.2,,,,,no
MA,Morocco,1993,28474.4,,,,,no
MA,Morocco,1994,31010.4,,,,,no
MA,Morocco,1995,28431.9,,,,,no
MA,Morocco,1996,31251.8,,,,,no
MA,Morocco,1997,29993.3,,,,,no
MA,Morocco,1998,31560.3,,,,,no
MA,Morocco,1999,31155.8,,,,,no
MA,Morocco,2000,30987,,,,,no
MA,Morocco,2001,32534.9,,,,,no
MA,Morocco,2002,32789.9,,,,,no
MA,Morocco,2003,33929.6,,,,,no
MA,Morocco,2004,34818.4,,,,,no
MA,Morocco,2005,35348.2,,,,,no
MA,Morocco,2006,37194.3,,,,,no
MA,Morocco,2007,37619.3,,,,,no
MA,Morocco,2008,39002.5,,,,,no
MA,Morocco,2009,39314.8,,,,,no
MA,Morocco,2010,40035.5,,,,,no
MA,Morocco,2011,40907.6,,,,,no
MA,Morocco,2012,41092.8,,,,,no
MA,Morocco,2013,42449.3,,,,,no
MA,Morocco,2014,42379.3,,,,,no
MA,Morocco,2015,43743.8,,,,,no
MA,Morocco,2016,43404.2,,,,,no
MA,Morocco,2017,44341.3,,,,,no
MA,Morocco,2018,44811.1,,,,,no
MA,Morocco,2019,45225.5,,,,,no
RO,Romania,1949,,,,,,no
RO,Romania,1950,6183.2,,,,,no
RO,Romania,1951,6511.1,,,,,no
RO,Romania,1952,6852.6,,,,,no
RO,Romania,1953,7204.5,,,,,no
RO,Romania,1954,7573.5,,,,,no
RO,Romania,1955,7969.6,,,,,no
RO,Romania,1956,8155.2,,,,,no
RO,Romania,1957,8349.8,,,,,no
RO,Romania,1958,8563.3,,,,,no
RO,Romania,1959,8800.7,,,,,no
RO,Romania,1960,9059.3,,,,,no
RO,Romania,1961,9577,,,,,no
RO,Romania,1962,9784.2,,,,,no
RO,Romania,1963,10400.9,,,,,no
RO,Romania,1964,10951.8,,,,,no
RO,Romania,1965,11517,,,,,no
RO,Romania,1966,12742.6,,,,,no
RO,Romania,1967,13178.5,,,,,no
RO,Romania,1968,13290.4,,,,,no
RO,Romania,1969,13740,,,,,no
RO,Romania,1970,13773.9,,,,,no
RO,Romania,1971,15532.5,,,,,no
RO,Romania,1972,16949.5,,,,,no
RO,Romania,1973,18316.2,,,,,no
RO,Romania,1974,20267.1,,,,,no
RO,Romania,1975,22063.6,,,,,no
RO,Romania,1976,24172,,,,,no
RO,Romania,1977,25950.7,,,,,no
RO,Romania,1978,27685.6,,,,,no
RO,Romania,1979,29196.1,,,,,no
RO,Romania,1980,29979.8,,,,,no
RO,Romania,1981,29634.7,,,,,no
RO,Romania,1982,31281.9,,,,,no
RO,Romania,1983,33120.2,,,,,no
RO,Romania,1984,34851.4,,,,,no
RO,Romania,1985,34594.8,,,,,no
RO,Romania,1986,35253.4,,,,,no
RO,Romania,1987,35029.1,,,,,no
RO,Romania,1988,34457.3,,,,,no
RO,Romania,1989,31918.6,,,,,no
RO,Romania,1990,29366.2,,,,,no
RO,Romania,1991,24486.4,,,,,no
RO,Romania,1992,21306.8,,,,,no
RO,Romania,1993,21147.3,,,,,no
RO,Romania,1994,21474.7,,,,,no
RO,Romania,1995,22231.2,,,,,no
RO,Romania,1996,22811.9,,,,,no
RO,Romania,1997,22268.5,,,,,no
RO,Romania,1998,22422.7,,,,,no
RO,Romania,1999,22424.8,,,,,no
RO,Romania,2000,23443.4,,,,,no
RO,Romania,2001,24768.2,,,,,no
RO,Romania,2002,25247.8,,,,,no
RO,Romania,2003,26027.7,,,,,no
RO,Romania,2004,28432.9,,,,,no
RO,Romania,2005,30810.7,,,,,no
RO,Romania,2006,33626.5,,,,,no
RO,Romania,2007,36816.9,,,,,no
RO,Romania,2008,41200.7,,,,,no
RO,Romania,2009,38721.3,,,,,no
RO,Romania,2010,37031.5,,,,,no
RO,Romania,2011,37356.8,,,,,no
RO,Romania,2012,38041.7,,,,,no
RO,Romania,2013,39670.6,,,,,no
RO,Romania,2014,41605.4,,,,,no
RO,Romania,2015,43408,,,,,no
RO,Romania,2016,45380.5,,,,,no
RO,Romania,2017,48427.6,,,,,no
RO,Romania,2018,50275.7,,,,,no
RO,Romania,2019,52514,,,,,no
RS,Serbia,1949,,,,,,no
RS,Serbia,1950,,,,,,no
RS,Serbia,1951,,,,,,no
RS,Serbia,1952,,,,,,no
RS,Serbia,1953,,,,,,no
RS,Serbia,1954,,,,,,no
RS,Serbia,1955,,,,,,no
RS,Serbia,1956,,,,,,no
RS,Serbia,1957,,,,,,no
RS,Serbia,1958,,,,,,no
RS,Serbia,1959,,,,,,no
RS,Serbia,1960,,,,,,no
RS,Serbia,1961,,,,,,no
RS,Serbia,1962,,,,,,no
RS,Serbia,1963,,,,,,no
RS,Serbia,1964,,,,,,no
RS,Serbia,1965,,,,,,no
RS,Serbia,1966,,,,,,no
RS,Serbia,1967,,,,,,no
RS,Serbia,1968,,,,,,no
RS,Serbia,1969,,,,,,no
RS,Serbia,1970,,,,,,no
RS,Serbia,1971,,,,,,no
RS,Serbia,1972,,,,,,no
RS,Serbia,1973,,,,,,no
RS,Serbia,1974,,,,,,no
RS,Serbia,1975,,,,,,no
RS,Serbia,1976,,,,,,no
RS,Serbia,1977,,,,,,no
RS,Serbia,1978,,,,,,no
RS,Serbia,1979,,,,,,no
RS,Serbia,1980,815791.3,,,,,no
RS,Serbia,1981,818910.6,,,,,no
RS,Serbia,1982,800069.3,,,,,no
RS,Serbia,1983,795444.5,,,,,no
RS,Serbia,1984,801384.4,,,,,no
RS,Serbia,1985,807084.9,,,,,no
RS,Serbia,1986,811119.2,,,,,no
RS,Serbia,1987,792089.5,,,,,no
RS,Serbia,1988,797032.8,,,,,no
RS,Serbia,1989,797729.3,,,,,no
RS,Serbia,1990,930599.4,,,,,no
RS,Serbia,1991,804457.8,,,,,no
RS,Serbia,1992,548540.7,,,,,no
RS,Serbia,1993,354341.8,,,,,no
RS,Serbia,1994,365604.8,,,,,no
RS,Serbia,1995,386975.2,,,,,no
RS,Serbia,1996,390725.7,,,,,no
RS,Serbia,1997,415183.7,,,,,no
RS,Serbia,1998,436626.9,,,,,no
RS,Serbia,1999,374518,,,,,no
RS,Serbia,2000,412262,,,,,no
RS,Serbia,2001,411586.4,,,,,no
RS,Serbia,2002,442922.4,,,,,no
RS,Serbia,2003,465507.3,,,,,no
RS,Serbia,2004,524186.1,,,,,no
RS,Serbia,2005,584799.8,,,,,no
RS,Serbia,2006,616623.2,,,,,no
RS,Serbia,2007,635607.6,,,,,no
RS,Serbia,2008,676176.1,,,,,no
RS,Serbia,2009,663873.7,,,,,no
RS,Serbia,2010,665510.7,,,,,no
RS,Serbia,2011,666636.8,,,,,no
RS,Serbia,2012,664990.2,,,,,no
RS,Serbia,2013,680461.6,,,,,no
RS,Serbia,2014,666903.6,,,,,no
RS,Serbia,2015,671634.3,,,,,no
RS,Serbia,2016,691280.1,,,,,no
RS,Serbia,2017,694546.6,,,,,no
RS,Serbia,2018,738708.6,,,,,no
RS,Serbia,2019,777192.2,,,,,no
SI,Slovenia,1949,,,,,,no
SI,Slovenia,1950,,,,,,no
SI,Slovenia,1951,,,,,,no
SI,Slovenia,1952,,,,,,no
SI,Slovenia,1953,,,,,,no
SI,Slovenia,1954,,,,,,no
SI,Slovenia,1955,,,,,,no
SI,Slovenia,1956,,,,,,no
SI,Slovenia,1957,,,,,,no
SI,Slovenia,1958,,,,,,no
SI,Slovenia,1959,,,,,,no
SI,Slovenia,1960,,,,,,no
SI,Slovenia,1961,,,,,,no
SI,Slovenia,1962,,,,,,no
SI,Slovenia,1963,,,,,,no
SI,Slovenia,1964,,,,,,no
SI,Slovenia,1965,,,,,,no
SI,Slovenia,1966,,,,,,no
SI,Slovenia,1967,,,,,,no
SI,Slovenia,1968,,,,,,no
SI,Slovenia,1969,,,,,,no
SI,Slovenia,1970,,,,,,no
SI,Slovenia,1971,,,,,,no
SI,Slovenia,1972,,,,,,no
SI,Slovenia,1973,,,,,,no
SI,Slovenia,1974,,,,,,no
SI,Slovenia,1975,,,,,,no
SI,Slovenia,1976,,,,,,no
SI,Slovenia,1977,,,,,,no
SI,Slovenia,1978,,,,,,no
SI,Slovenia,1979,,,,,,no
SI,Slovenia,1980,14781.6,,,,,no
SI,Slovenia,1981,14790.4,,,,,no
SI,Slovenia,1982,14811.9,,,,,no
SI,Slovenia,1983,14843.1,,,,,no
SI,Slovenia,1984,14882.3,,,,,no
SI,Slovenia,1985,14931.5,,,,,no
SI,Slovenia,1986,15163.5,,,,,no
SI,Slovenia,1987,14949,,,,,no
SI,Slovenia,1988,14783.8,,,,,no
SI,Slovenia,1989,14152.4,,,,,no
SI,Slovenia,1990,14509.2,,,,,no
SI,Slovenia,1991,12769.9,,,,,no
SI,Slovenia,1992,11980.2,,,,,no
SI,Slovenia,1993,12721.2,,,,,no
SI,Slovenia,1994,13635,,,,,no
SI,Slovenia,1995,14225.9,,,,,no
SI,Slovenia,1996,14379.4,,,,,no
SI,Slovenia,1997,14982.6,,,,,no
SI,Slovenia,1998,15280.8,,,,,no
SI,Slovenia,1999,16080.1,,,,,no
SI,Slovenia,2000,16222,,,,,no
SI,Slovenia,2001,16744.9,,,,,no
SI,Slovenia,2002,17171.2,,,,,no
SI,Slovenia,2003,17542.9,,,,,no
SI,Slovenia,2004,18077.4,,,,,no
SI,Slovenia,2005,18708.7,,,,,no
SI,Slovenia,2006,19635.3,,,,,no
SI,Slovenia,2007,20727,,,,,no
SI,Slovenia,2008,21146.5,,,,,no
SI,Slovenia,2009,19295,,,,,no
SI,Slovenia,2010,19496.8,,,,,no
SI,Slovenia,2011,19524.1,,,,,no
SI,Slovenia,2012,18715.6,,,,,no
SI,Slovenia,2013,18486.4,,,,,no
SI,Slovenia,2014,19150.5,,,,,no
SI,Slovenia,2015,19026.8,,,,,no
SI,Slovenia,2016,19822.8,,,,,no
SI,Slovenia,2017,21139.3,,,,,no
SI,Slovenia,2018,22116.1,,,,,no
SI,Slovenia,2019,22849.5,,,,,no
ES,Spain,1949,4450.2,,,,,no
ES,Spain,1950,4967.1,,,,,no
ES,Spain,1951,5416.8,,,,,no
ES,Spain,1952,5804.3,,,,,no
ES,Spain,1953,5681.9,,,,,no
ES,Spain,1954,6061.6,,,,,no
ES,Spain,1955,6227.5,,,,,no
ES,Spain,1956,6689,,,,,no
ES,Spain,1957,6825.4,,,,,no
ES,Spain,1958,7054.4,,,,,no
ES,Spain,1959,6774.6,,,,,no
ES,Spain,1960,6786.7,,,,,no
ES,Spain,1961,7534.5,,,,,no
ES,Spain,1962,8192.4,,,,,no
ES,Spain,1963,8842.5,,,,,no
ES,Spain,1964,8994.2,,,,,no
ES,Spain,1965,9471.2,,,,,no
ES,Spain,1966,10139.1,,,,,no
ES,Spain,1967,10701.1,,,,,no
ES,Spain,1968,11390.5,,,,,no
ES,Spain,1969,12439.4,,,,,no
ES,Spain,1970,13016.5,,,,,no
ES,Spain,1971,13469.3,,,,,no
ES,Spain,1972,14546.7,,,,,no
ES,Spain,1973,15628.6,,,,,no
ES,Spain,1974,16420.5,,,,,no
ES,Spain,1975,16397.5,,,,,no
ES,Spain,1976,16786.3,,,,,no
ES,Spain,1977,16997.9,,,,,no
ES,Spain,1978,17089,,,,,no
ES,Spain,1979,17099.7,,,,,no
ES,Spain,1980,17019.1,,,,,no
ES,Spain,1981,16599,,,,,no
ES,Spain,1982,16476.2,,,,,no
ES,Spain,1983,16364.5,,,,,no
ES,Spain,1984,16163.8,,,,,no
ES,Spain,1985,16668.1,,,,,no
ES,Spain,1986,17225.7,,,,,no
ES,Spain,1987,18178.6,,,,,no
ES,Spain,1988,19017.5,,,,,no
ES,Spain,1989,19986.5,,,,,no
ES,Spain,1990,20489.1,,,,,no
ES,Spain,1991,20811.1,,,,,no
ES,Spain,1992,20713.6,,,,,no
ES,Spain,1993,20051.2,,,,,no
ES,Spain,1994,19996.5,,,,,no
ES,Spain,1995,20619.1,,,,,no
ES,Spain,1996,20584.8,,,,,no
ES,Spain,1997,21153.9,,,,,no
ES,Spain,1998,21914.1,,,,,no
ES,Spain,1999,22605.5,,,,,no
ES,Spain,2000,23449.6,,,,,no
ES,Spain,2001,23805.3,,,,,no
ES,Spain,2002,23874.1,,,,,no
ES,Spain,2003,24195.4,,,,,no
ES,Spain,2004,24344.4,,,,,no
ES,Spain,2005,24776.5,,,,,no
ES,Spain,2006,25181.2,,,,,no
ES,Spain,2007,25288.7,,,,,no
ES,Spain,2008,24861.2,,,,,no
ES,Spain,2009,23718.2,,,,,no
ES,Spain,2010,24082.7,,,,,no
ES,Spain,2011,23962.2,,,,,no
ES,Spain,2012,23334.2,,,,,no
ES,Spain,2013,23185.1,,,,,no
ES,Spain,2014,23676.2,,,,,no
ES,Spain,2015,24892.4,,,,,no
ES,Spain,2016,25675,,,,,no
ES,Spain,2017,26319,,,,,no
ES,Spain,2018,26978,,,,,no
ES,Spain,2019,27536.7,,,,,no
CH,Switzerland,1949,,,,,,no
CH,Switzerland,1950,28349.1,,,,,no
CH,Switzerland,1951,30372.8,,,,,no
CH,Switzerland,1952,30065.8,,,,,no
CH,Switzerland,1953,30658.2,,,,,no
CH,Switzerland,1954,32133.4,,,,,no
CH,Switzerland,1955,33838.1,,,,,no
CH,Switzerland,1956,35710.5,,,,,no
CH,Switzerland,1957,36866.4,,,,,no
CH,Switzerland,1958,35995.6,,,,,no
CH,Switzerland,1959,37464.4,,,,,no
CH,Switzerland,1960,39220.5,,,,,no
CH,Switzerland,1961,41625.4,,,,,no
CH,Switzerland,1962,44148.2,,,,,no
CH,Switzerland,1963,46086.3,,,,,no
CH,Switzerland,1964,48311.4,,,,,no
CH,Switzerland,1965,48035.2,,,,,no
CH,Switzerland,1966,48732.8,,,,,no
CH,Switzerland,1967,50439.7,,,,,no
CH,Switzerland,1968,51874.7,,,,,no
CH,Switzerland,1969,53442.7,,,,,no
CH,Switzerland,1970,55164,,,,,no
CH,Switzerland,1971,57595.3,,,,,no
CH,Switzerland,1972,58739.4,,,,,no
CH,Switzerland,1973,59619.7,,,,,no
CH,Switzerland,1974,60639.2,,,,,no
CH,Switzerland,1975,58841.7,,,,,no
CH,Switzerland,1976,59492.6,,,,,no
CH,Switzerland,1977,60599.6,,,,,no
CH,Switzerland,1978,60689.7,,,,,no
CH,Switzerland,1979,61319.2,,,,,no
CH,Switzerland,1980,61498.8,,,,,no
CH,Switzerland,1981,62390.7,,,,,no
CH,Switzerland,1982,63329,,,,,no
CH,Switzerland,1983,62002.1,,,,,no
CH,Switzerland,1984,64109.8,,,,,no
CH,Switzerland,1985,65724.5,,,,,no
CH,Switzerland,1986,66500,,,,,no
CH,Switzerland,1987,66689.5,,,,,no
CH,Switzerland,1988,68036.1,,,,,no
CH,Switzerland,1989,67474.6,,,,,no
CH,Switzerland,1990,68028.9,,,,,no
CH,Switzerland,1991,67133.8,,,,,no
CH,Switzerland,1992,65330.6,,,,,no
CH,Switzerland,1993,65698.1,,,,,no
CH,Switzerland,1994,65487.3,,,,,no
CH,Switzerland,1995,66343.6,,,,,no
CH,Switzerland,1996,66617.8,,,,,no
CH,Switzerland,1997,68428.4,,,,,no
CH,Switzerland,1998,69854.5,,,,,no
CH,Switzerland,1999,70353.1,,,,,no
CH,Switzerland,2000,73898,,,,,no
CH,Switzerland,2001,72654.5,,,,,no
CH,Switzerland,2002,70370.3,,,,,no
CH,Switzerland,2003,71748.8,,,,,no
CH,Switzerland,2004,72223.3,,,,,no
CH,Switzerland,2005,74641.3,,,,,no
CH,Switzerland,2006,76827,,,,,no
CH,Switzerland,2007,75115.5,,,,,no
CH,Switzerland,2008,72219.6,,,,,no
CH,Switzerland,2009,74800,,,,,no
CH,Switzerland,2010,79153.8,,,,,no
CH,Switzerland,2011,77114.9,,,,,no
CH,Switzerland,2012,77217.2,,,,,no
CH,Switzerland,2013,77369.6,,,,,no
CH,Switzerland,2014,77372,,,,,no
CH,Switzerland,2015,78726.4,,,,,no
CH,Switzerland,2016,78138,,,,,no
CH,Switzerland,2017,77701,,,,,no
CH,Switzerland,2018,80442.1,,,,,no
CH,Switzerland,2019,81535.4,,,,,no
TN,Tunisia,1949,,,,,,no
TN,Tunisia,1950,2886.4,,,,,no
TN,Tunisia,1951,2858,,,,,no
TN,Tunisia,1952,3192.5,,,,,no
TN,Tunisia,1953,3286.2,,,,,no
TN,Tunisia,1954,3338.6,,,,,no
TN,Tunisia,1955,3131.7,,,,,no
TN,Tunisia,1956,3339.3,,,,,no
TN,Tunisia,1957,3173,,,,,no
TN,Tunisia,1958,3606.7,,,,,no
TN,Tunisia,1959,3426.8,,,,,no
TN,Tunisia,1960,3871,,,,,no
TN,Tunisia,1961,4190.7,,,,,no
TN,Tunisia,1962,4020.3,,,,,no
TN,Tunisia,1963,4563.9,,,,,no
TN,Tunisia,1964,4682.7,,,,,no
TN,Tunisia,1965,4936.2,,,,,no
TN,Tunisia,1966,5017.1,,,,,no
TN,Tunisia,1967,4922.1,,,,,no
TN,Tunisia,1968,5359.2,,,,,no
TN,Tunisia,1969,5518.9,,,,,no
TN,Tunisia,1970,5212.2,,,,,no
TN,Tunisia,1971,5718.5,,,,,no
TN,Tunisia,1972,6594.3,,,,,no
TN,Tunisia,1973,6319.7,,,,,no
TN,Tunisia,1974,6751.3,,,,,no
TN,Tunisia,1975,7032.3,,,,,no
TN,Tunisia,1976,7175.9,,,,,no
TN,Tunisia,1977,7164,,,,,no
TN,Tunisia,1978,7342.3,,,,,no
TN,Tunisia,1979,7549.2,,,,,no
TN,Tunisia,1980,7869.7,,,,,no
TN,Tunisia,1981,7946.7,,,,,no
TN,Tunisia,1982,7538.8,,,,,no
TN,Tunisia,1983,7536.6,,,,,no
TN,Tunisia,1984,7615.4,,,,,no
TN,Tunisia,1985,7606.4,,,,,no
TN,Tunisia,1986,7182.3,,,,,no
TN,Tunisia,1987,7399.5,,,,,no
TN,Tunisia,1988,7210.9,,,,,no
TN,Tunisia,1989,7133.9,,,,,no
TN,Tunisia,1990,7600.9,,,,,no
TN,Tunisia,1991,7622.4,,,,,no
TN,Tunisia,1992,7949.2,,,,,no
TN,Tunisia,1993,7861.6,,,,,no
TN,Tunisia,1994,7809.2,,,,,no
TN,Tunisia,1995,7774.6,,,,,no
TN,Tunisia,1996,8017.8,,,,,no
TN,Tunisia,1997,8280.7,,,,,no
TN,Tunisia,1998,8458.9,,,,,no
TN,Tunisia,1999,8797.4,,,,,no
TN,Tunisia,2000,8984.2,,,,,no
TN,Tunisia,2001,9267.1,,,,,no
TN,Tunisia,2002,9137.4,,,,,no
TN,Tunisia,2003,9418.6,,,,,no
TN,Tunisia,2004,9791.1,,,,,no
TN,Tunisia,2005,9811.4,,,,,no
TN,Tunisia,2006,10141.3,,,,,no
TN,Tunisia,2007,10499.9,,,,,no
TN,Tunisia,2008,10677,,,,,no
TN,Tunisia,2009,10801.3,,,,,no
TN,Tunisia,2010,10993.9,,,,,no
TN,Tunisia,2011,10512.6,,,,,no
TN,Tunisia,2012,10848.2,,,,,no
TN,Tunisia,2013,11023.4,,,,,no
TN,Tunisia,2014,11354.2,,,,,no
TN,Tunisia,2015,11410.3,,,,,no
TN,Tunisia,2016,11428,,,,,no
TN,Tunisia,2017,11467.6,,,,,no
TN,Tunisia,2018,11594.4,,,,,no
TN,Tunisia,2019,11616.7,,,,,no
TR,Turkey,1949,,,,,,no
TR,Turkey,1950,13425.5,,,,,no
TR,Turkey,1951,14792.9,,,,,no
TR,Turkey,1952,16193.3,,,,,no
TR,Turkey,1953,17589,,,,,no
TR,Turkey,1954,16383.5,,,,,no
TR,Turkey,1955,17271.3,,,,,no
TR,Turkey,1956,17407.7,,,,,no
TR,Turkey,1957,18438.3,,,,,no
TR,Turkey,1958,18823,,,,,no
TR,Turkey,1959,19242.4,,,,,no
TR,Turkey,1960,19327.6,,,,,no
TR,Turkey,1961,19069.8,,,,,no
TR,Turkey,1962,19711.2,,,,,no
TR,Turkey,1963,21059.9,,,,,no
TR,Turkey,1964,21724.2,,,,,no
TR,Turkey,1965,21809.1,,,,,no
TR,Turkey,1966,28248.6,,,,,no
TR,Turkey,1967,28821.2,,,,,no
TR,Turkey,1968,30041.8,,,,,no
TR,Turkey,1969,30452.3,,,,,no
TR,Turkey,1970,25718.2,,,,,no
TR,Turkey,1971,26869,,,,,no
TR,Turkey,1972,28261.6,,,,,no
TR,Turkey,1973,28897.8,,,,,no
TR,Turkey,1974,28732.5,,,,,no
TR,Turkey,1975,30007,,,,,no
TR,Turkey,1976,32265.2,,,,,no
TR,Turkey,1977,32555.7,,,,,no
TR,Turkey,1978,32165.9,,,,,no
TR,Turkey,1979,30978.1,,,,,no
TR,Turkey,1980,29289.6,,,,,no
TR,Turkey,1981,29811.9,,,,,no
TR,Turkey,1982,29936.4,,,,,no
TR,Turkey,1983,30467.5,,,,,no
TR,Turkey,1984,31501.9,,,,,no
TR,Turkey,1985,31988.3,,,,,no
TR,Turkey,1986,33416.1,,,,,no
TR,Turkey,1987,35095.2,,,,,no
TR,Turkey,1988,34703.1,,,,,no
TR,Turkey,1989,34515.6,,,,,no
TR,Turkey,1990,37105.9,,,,,no
TR,Turkey,1991,36283.2,,,,,no
TR,Turkey,1992,37193,,,,,no
TR,Turkey,1993,39202.5,,,,,no
TR,Turkey,1994,35902.6,,,,,no
TR,Turkey,1995,38019.1,,,,,no
TR,Turkey,1996,39774.1,,,,,no
TR,Turkey,1997,41842.7,,,,,no
TR,Turkey,1998,41534.5,,,,,no
TR,Turkey,1999,38614.8,,,,,no
TR,Turkey,2000,40375.1,,,,,no
TR,Turkey,2001,35772.6,,,,,no
TR,Turkey,2002,38164.8,,,,,no
TR,Turkey,2003,39836.1,,,,,no
TR,Turkey,2004,42883.9,,,,,no
TR,Turkey,2005,46056.6,,,,,no
TR,Turkey,2006,48128.2,,,,,no
TR,Turkey,2007,49394.7,,,,,no
TR,Turkey,2008,48589.6,,,,,no
TR,Turkey,2009,44554.1,,,,,no
TR,Turkey,2010,48342.9,,,,,no
TR,Turkey,2011,52997,,,,,no
TR,Turkey,2012,54254.6,,,,,no
TR,Turkey,2013,57971.2,,,,,no
TR,Turkey,2014,59426.4,,,,,no
TR,Turkey,2015,61506.3,,,,,no
TR,Turkey,2016,61775.7,,,,,no
TR,Turkey,2017,64641.9,,,,,no
TR,Turkey,2018,64049.3,,,,,no
TR,Turkey,2019,61963.3,,,,,no
GB,United Kingdom,1949,9834.5,,,,,no
GB,United Kingdom,1950,10141.5,,,,,no
GB,United Kingdom,1951,9887.8,,,,,no
GB,United Kingdom,1952,10106,,,,,no
GB,United Kingdom,1953,10834.7,,,,,no
GB,United Kingdom,1954,11248.1,,,,,no
GB,United Kingdom,1955,11416.6,,,,,no
GB,United Kingdom,1956,11412.2,,,,,no
GB,United Kingdom,1957,11725.3,,,,,no
GB,United Kingdom,1958,11821,,,,,no
GB,United Kingdom,1959,12295.7,,,,,no
GB,United Kingdom,1960,12672.5,,,,,no
GB,United Kingdom,1961,13204.7,,,,,no
GB,United Kingdom,1962,13657.1,,,,,no
GB,United Kingdom,1963,14077.8,,,,,no
GB,United Kingdom,1964,14140.6,,,,,no
GB,United Kingdom,1965,14371.3,,,,,no
GB,United Kingdom,1966,14815.9,,,,,no
GB,United Kingdom,1967,15139.9,,,,,no
GB,United Kingdom,1968,15124.5,,,,,no
GB,United Kingdom,1969,15420.3,,,,,no
GB,United Kingdom,1970,15365.5,,,,,no
GB,United Kingdom,1971,15466.5,,,,,no
GB,United Kingdom,1972,15861.4,,,,,no
GB,United Kingdom,1973,16185.4,,,,,no
GB,United Kingdom,1974,16211,,,,,no
GB,United Kingdom,1975,14278.1,,,,,no
GB,United Kingdom,1976,15540.6,,,,,no
GB,United Kingdom,1977,16031.6,,,,,no
GB,United Kingdom,1978,16566.5,,,,,no
GB,United Kingdom,1979,16554.7,,,,,no
GB,United Kingdom,1980,15989.9,,,,,no
GB,United Kingdom,1981,16732.7,,,,,no
GB,United Kingdom,1982,17014.2,,,,,no
GB,United Kingdom,1983,17737.4,,,,,no
GB,United Kingdom,1984,18476.4,,,,,no
GB,United Kingdom,1985,18665.2,,,,,no
GB,United Kingdom,1986,19417.5,,,,,no
GB,United Kingdom,1987,19758.3,,,,,no
GB,United Kingdom,1988,20268.5,,,,,no
GB,United Kingdom,1989,20994.2,,,,,no
GB,United Kingdom,1990,21161.6,,,,,no
GB,United Kingdom,1991,21313.6,,,,,no
GB,United Kingdom,1992,21568.3,,,,,no
GB,United Kingdom,1993,22051.2,,,,,no
GB,United Kingdom,1994,22904.7,,,,,no
GB,United Kingdom,1995,23939.2,,,,,no
GB,United Kingdom,1996,24144.3,,,,,no
GB,United Kingdom,1997,25193,,,,,no
GB,United Kingdom,1998,26523.6,,,,,no
GB,United Kingdom,1999,28336.6,,,,,no
GB,United Kingdom,2000,28561.2,,,,,no
GB,United Kingdom,2001,29458,,,,,no
GB,United Kingdom,2002,30015,,,,,no
GB,United Kingdom,2003,30807.4,,,,,no
GB,United Kingdom,2004,31597.2,,,,,no
GB,United Kingdom,2005,32025.4,,,,,no
GB,United Kingdom,2006,32421.8,,,,,no
GB,United Kingdom,2007,32695.5,,,,,no
GB,United Kingdom,2008,33546.7,,,,,no
GB,United Kingdom,2009,33834,,,,,no
GB,United Kingdom,2010,31136.1,,,,,no
GB,United Kingdom,2011,31407.1,,,,,no
GB,United Kingdom,2012,30572.1,,,,,no
GB,United Kingdom,2013,31058.8,,,,,no
GB,United Kingdom,2014,31291.3,,,,,no
GB,United Kingdom,2015,31919.3,,,,,no
GB,United Kingdom,2016,32087.5,,,,,no
GB,United Kingdom,2017,32778.6,,,,,no
GB,United Kingdom,2018,32989.5,,,,,no
GB,United Kingdom,2019,33331.5,,,,,no
